id,title,description,availability,condition,price,sale_price,link,image_link,brand,item_group_id,sku
Leg-Developer-Attachment,Leg Developer Attachment,"Train Leg Extensions, Hamstring Curls, and Upper Body. Upgrade your Hyper into a 9 in 1 machine.",in stock,new,349.0 GBP,,https://freakathlete.co.uk/products/leg-developer-attachment,https://freakathlete.co.uk/cdn/shop/files/LDA_PDP_1021b952-bb8b-4aec-b3d4-8b876117863a.jpg?v=1743036287&width=1024,Freak Athlete,,Leg-Developer-Attachment
Upper-Body-Kit,Upper Body Kit,"Train 6+ Upper Body movements, right from your Hyper and Leg Developer.",in stock,new,29.0 GBP,,https://freakathlete.co.uk/products/upper-body-kit,https://freakathlete.co.uk/cdn/shop/files/UBKhandlesonly_2.jpg?v=1745426591&width=1024,Freak Athlete,,Upper-Body-Kit
Pro-Upgrade-Kit,GHD Pro Upgrade Kit,"Turn your Nordic Hyper into a Hyper Pro with an upgraded GHD Attachment, better stability, and better padding.
Note: If you buy or own a Hyper Pro, all parts in the GHD Pro Upgrade Kit will already be included.
",in stock,new,249.0 GBP,,https://freakathlete.co.uk/products/pro-upgrade-kit,https://freakathlete.co.uk/cdn/shop/files/PDP_Images_Pro_Upgrade_Kit.jpg?v=1737444457&width=1024,Freak Athlete,,Pro-Upgrade-Kit
LDA-UBK,Leg Developer Attachment + Upper Body Kit Bundle,"Train Leg Extensions, Hamstring Curls, and Upper Body. Upgrade your Hyper into a 9 in 1 machine.",in stock,new,349.0 GBP,,https://freakathlete.co.uk/products/leg-developer-attachment-upper-body-kit-bundle,https://freakathlete.co.uk/cdn/shop/files/Leg_Dev_Upper_Body_ed50e6b1-a1af-4abf-9f59-a49d26f002dc.jpg?v=1740240080&width=1024,Freak Athlete,,LDA-UBK
FA013000,Cable Attachment,Inspired by customer feedback! Connect your Leg Developer Attachment to a weight stack. ,in stock,new,49.0 GBP,,https://freakathlete.co.uk/products/cable-attachment,https://freakathlete.co.uk/cdn/shop/files/Cable_Attachment.jpg?v=1740034898&width=1024,Freak Athlete,,FA013000
FA019000,Leg Developer Attachment + Upper Body Kit + Cable Attachment Bundle,"Train Leg Extensions, Hamstring Curls, and Upper Body. Upgrade your Hyper into a 9 in 1 machine.",in stock,new,398.0 GBP,,https://freakathlete.co.uk/products/leg-developer-attachment-upper-body-kit-cable-attachment-bundle,https://freakathlete.co.uk/cdn/shop/files/LegDevCableAttachmentUpperBodyKit.jpg?v=1740240080&width=1024,Freak Athlete,,FA019000
FA018000,Leg Developer Attachment + Cable Attachment Bundle,"Train Leg Extensions, Hamstring Curls, and Upper Body. Upgrade your Hyper into a 9 in 1 machine.",in stock,new,398.0 GBP,,https://freakathlete.co.uk/products/leg-developer-attachment-cable-attachment-bundle-copy,https://freakathlete.co.uk/cdn/shop/files/LegDevCableAttachment.jpg?v=1740240133&width=1024,Freak Athlete,,FA018000
FA027000,Dip Attachment,"Build powerful triceps, chest, and shoulders.",in stock,new,79.0 GBP,,https://freakathlete.co.uk/products/dip-attachment,https://freakathlete.co.uk/cdn/shop/files/DIPS.9.png?v=1756760213&width=1024,Freak Athlete,,FA027000
FA026000,Sit-Up Attachment,"Strengthen your core with decline sit-ups, twists, and dynamic ab work.",in stock,new,119.0 GBP,,https://freakathlete.co.uk/products/sit-up-attachment,https://freakathlete.co.uk/cdn/shop/files/SIT_UPS.5.png?v=1756760215&width=1024,Freak Athlete,,FA026000
FA028000,ABX Leg Developer Attachment,Train Leg Extensions and Hamstring Curls. Upgrade your ABX into a 10 in 1 machine.,in stock,new,349.0 GBP,,https://freakathlete.co.uk/products/abx-leg-developer-attachment,https://freakathlete.co.uk/cdn/shop/files/LEG_DEVELOPER.0_05240a22-de83-42d5-87be-05234fe25469.png?v=1768828966&width=1024,Freak Athlete,,FA028000
FA029000,ABX Cable Attachment,Train Leg Extensions and Hamstring Curls.,in stock,new,49.0 GBP,,https://freakathlete.co.uk/products/abx-cable-attachment,https://freakathlete.co.uk/cdn/shop/files/ABX_CA_Evergreen.png?v=1776679699&width=1024,Freak Athlete,,FA029000
bundle-abx,ABX Weight Bench,The world’s best weight bench. 10 machines in 1 for full-body training.,in stock,new,499.0 GBP,,https://freakathlete.co.uk/products/abx,https://freakathlete.co.uk/cdn/shop/files/abx_hero_clean_v1.jpg?v=1788115775&width=1024,Freak Athlete Canada,,bundle-abx
FA030000,Bicep Attachment,Train incline and preacher curls to sculpt and strengthen your arms.,in stock,new,199.0 GBP,,https://freakathlete.co.uk/products/bicep-curl,https://freakathlete.co.uk/cdn/shop/files/BISECP_CURL.23_0d8015ca-750a-4c5f-8b1a-03be74e1e7a1.png?v=1759715819&width=1024,Freak Athlete UK,,FA030000
FA031000,FA Adjustable Kettlebell,This all-in-one Adjustable Kettlebell allows you to transition from 12-32 kg (24-70 lbs) in seconds.,in stock,new,249.0 GBP,,https://freakathlete.co.uk/products/kettlebell,https://freakathlete.co.uk/cdn/shop/files/kb_hero_clean_v1.jpg?v=1788115782&width=1024,Freak Athlete UK,,FA031000
FA031001-PAIR,FA Adjustable Kettlebell Pair,,in stock,new,498.0 GBP,,https://freakathlete.co.uk/products/fa-adjustable-kettlebell-pair,https://freakathlete.co.uk/cdn/shop/files/Social_Share_Image.png?v=1709728442&width=1024,Freak Athlete UK,,FA031001-PAIR
DEP-ADB-40,FA Adjustable Dumbbell,"Fully refundable reservation deposit. This is a deposit, not the full price.",out of stock,new,799.0 GBP,,https://freakathlete.co.uk/products/adjustable-dumbbell,https://freakathlete.co.uk/cdn/shop/files/fa-dumbbell-pair-square.png?v=1785757563&width=1024,Freak Athlete,,DEP-ADB-40
DEP-CART,Dumbbell Cart,Fully refundable reservation deposit for the dumbbell cart.,out of stock,new,299.0 GBP,,https://freakathlete.co.uk/products/dumbbell-cart-deposit,https://freakathlete.co.uk/cdn/shop/files/dumbbell-cart.png?v=1785757566&width=1024,Freak Athlete,,DEP-CART
HPX-PREORDER,Hyper Pro X,Internal pre-order placeholder for the Hyper Pro X. Not published to any sales channel. Created by draft order on request only. Swapped for the real Hyper Pro X SKU at ship time.,in stock,new,599.0 GBP,,https://freakathlete.co.uk/products/hyper-pro,https://freakathlete.co.uk/cdn/shop/files/hpx_hero_clean_v3.jpg?v=1788386493&width=1024,Freak Athlete,,HPX-PREORDER
